product_id,type,category,legend_name,theme_group_name,short_name, file_name,path,prefix,wtw_file_name,datatype,legend_type,legend_color,legend_label,values,unit,provenance,visible,hidden,downloadable,external,active
,include,protected,CPCAD + NCC FS/CA,,CPCAD,CPCAD_2025_NCCFSCA_20260428.tif,includes,I_NAT_,I_NAT_CPCAD_2025_NCCFSCA_20260428.tif,INT1U,manual,"#00000000, #7fbc41","not included, included","0, 1",km2,national,TRUE,FALSE,TRUE,TRUE,TRUE
,theme,species,ECCC SAR Critical Habitat,ECCC SAR Critical Habitat,ECCC_CH,eccc_ch.rds,themes/species/eccc_ch,,,INT2U,continuous,Purples,"Non Habitat, Habitat",,ha,national,FALSE,FALSE,TRUE,TRUE,TRUE
,theme,species,ECCC SAR Range Map Extents,ECCC SAR Range Map Extents,ECCC_SAR,eccc_sar.rds,themes/species/eccc_sar,,,INT2U,continuous,Reds,"Non Range, Range",,ha,national,FALSE,FALSE,TRUE,TRUE,TRUE
,theme,species,IUCN AOH Amphibians,IUCN AOH Amphibians,IUCN_AMPH,iucn_amph.rds,themes/species/iucn_amph,T_NAT_IUCN_AMPH_,,INT2U,manual,"#00000000, #a6cee3","Non Habitat, Habitat","0, 1",km2,national,FALSE,FALSE,TRUE,TRUE,TRUE
,theme,species,IUCN AOH Birds (Resident),IUCN AOH Birds (Resident),IUCN_BIRD_S1,iucn_bird_s1.rds,themes/species/iucn_bird,T_NAT_IUCN_BIRD_,,INT1U,manual,"#00000000, #ff7f00","Non Habitat, Habitat","0, 1",km2,national,FALSE,FALSE,TRUE,TRUE,TRUE
,theme,species,IUCN AOH Birds (Breeding),IUCN AOH Birds (Breeding),IUCN_BIRD_S2,iucn_bird_s2.rds,themes/species/iucn_bird,T_NAT_IUCN_BIRD_,,INT1U,manual,"#00000000, #ff7f00","Non Habitat, Habitat","0, 1",km2,national,FALSE,FALSE,TRUE,TRUE,TRUE
,theme,species,IUCN AOH Birds (Non-Breeding),IUCN AOH Birds (Non-Breeding),IUCN_BIRD_S3,iucn_bird_s3.rds,themes/species/iucn_bird,T_NAT_IUCN_BIRD_,,INT1U,manual,"#00000000, #ff7f00","Non Habitat, Habitat","0, 1",km2,national,FALSE,FALSE,TRUE,TRUE,TRUE
,theme,species,IUCN AOH Mammals,IUCN AOH Mammals,IUCN_MAMM,iucn_mamm.rds,themes/species/iucn_mamm,T_NAT_IUCN_MAMM_,,INT1U,manual,"#00000000, #b15928","Non Habitat, Habitat","0, 1",km2,national,FALSE,FALSE,TRUE,TRUE,TRUE
,theme,species,IUCN AOH Reptiles,IUCN AOH Reptiles,IUCN_REPT,iucn_rept.rds,themes/species/iucn_rept,T_NAT_IUCN_REPT_,,INT1U,manual,"#00000000, #b2df8a","Non Habitat, Habitat","0, 1",km2,national,FALSE,FALSE,TRUE,TRUE,TRUE
,theme,species,NCC SAR AOH,NCC SAR AOH,NCC_SAR_AOH,ncc_sar_aoh.rds,themes/species/ncc_sar_aoh,T_NAT_NCC_SAR_AOH_,,INT2U,continuous,Reds,"Non Habitat, Habitat",,ha,national,FALSE,FALSE,TRUE,TRUE,FALSE
,theme,species,NCC SDM,NCC SDM,NCC_SDM,ncc_sdm.rds,themes/species/ncc_sdm,T_NAT_NCC_SDM_,,INT1U,manual,"#00000000, #dd1c77","Non Occurrence, Occurrence","0, 1",km2,national,FALSE,FALSE,TRUE,TRUE,FALSE
,theme,species,NSC Endemics,NSC Endemics,NSC_END,nsc_end.rds,themes/species/nsc_end,T_NAT_NSC_END_,,INT1U,manual,"#00000000, #4575b4","Non Occurrence, Occurrence","0, 1",km2,national,FALSE,FALSE,FALSE,FALSE,FALSE
,theme,species,NSC SAR ,NSC SAR ,NSC_SAR,nsc_sar.rds,themes/species/nsc_sar,T_NAT_NSC_SAR_,,INT1U,manual,"#00000000, #d73027","Non Occurrence, Occurrence","0, 1",km2,national,FALSE,FALSE,FALSE,FALSE,FALSE
,theme,species,NSC Common,NSC Common,NSC_SPP,nsc_spp.rds,themes/species/nsc_spp,T_NAT_NSC_SPP_,,INT1U,manual,"#00000000, #e6f598","Non Occurrence, Occurrence","0, 1",km2,national,FALSE,FALSE,FALSE,FALSE,FALSE
,theme,habitat,Forest,Habitat,FOREST,Forest_AAFC_LUTS_2020_NFIS_2022_ha_1km_rounded.tif,themes/habitat,T_NAT_HABITAT_,T_NAT_HABITAT_Forest_AAFC_LUTS_2020_NFIS_2022_ha_1km_rounded.tif,FLT4S,continuous,viridis,,,ha,national,FALSE,FALSE,TRUE,TRUE,TRUE
,theme,habitat,Grassland,Habitat,GRASSLAND,Grassland_AAFC_LUTS_2020_ha_1km_rounded.tif,themes/habitat,T_NAT_HABITAT_,T_NAT_HABITAT_Grassland_AAFC_LUTS_2020_ha_1km_rounded.tif,FLT4S,continuous,viridis,,,ha,national,FALSE,FALSE,TRUE,TRUE,TRUE
,theme,habitat,Lakes,Habitat,LAKES,Lakes_NHN_Waterbodies_2022_ha_1km_Includes_LargeRivers.tif,themes/habitat,T_NAT_HABITAT_,T_NAT_HABITAT_Lakes_NHN_Waterbodies_2022_ha_1km_Includes_LargeRivers.tif,FLT4S,continuous,viridis,,,ha,national,FALSE,FALSE,TRUE,TRUE,TRUE
,theme,habitat,Wetland,Habitat,WETLAND,Wetlands_CanVec_SaturatedSoils_2019_ha_1km_rounded.tif,themes/habitat,T_NAT_HABITAT_,T_NAT_HABITAT_Wetlands_CanVec_SaturatedSoils_2019_ha_1km_rounded.tif,FLT4S,continuous,viridis,,,ha,national,FALSE,FALSE,TRUE,TRUE,TRUE
,theme,habitat,Peatland,Habitat,PEATLAND,Peatland_Pontone_PeatlandMap_2023_NRCan_ClassPeatMap_2020_ha_1km.tif,themes/habitat,T_NAT_HABITAT_,T_NAT_HABITAT_Peatland_Pontone_PeatlandMap_2023_NRCan_ClassPeatMap_2020_ha_1km.tif,FLT4S,continuous,viridis,,,ha,national,FALSE,FALSE,TRUE,TRUE,TRUE
,theme,agriculture,Cropland,Agriculture,CROPLAND,Agriculture_AAFC_ACI_2024_Cropland_ha_1km.tif,themes/agriculture,T_NAT_AG_,T_NAT_AG_Agriculture_AAFC_ACI_2024_Cropland_ha_1km.tif,FLT4S,continuous,viridis,,,ha,national,FALSE,FALSE,TRUE,TRUE,TRUE
,theme,agriculture,Pasture,Agriculture,PASTURE,Agriculture_AAFC_ACI_2024_Pasture_ha_1km.tif,themes/agriculture,T_NAT_AG_,T_NAT_AG_Agriculture_AAFC_ACI_2024_Pasture_ha_1km.tif,FLT4S,continuous,viridis,,,ha,national,FALSE,FALSE,TRUE,TRUE,TRUE
,theme,agriculture,Peatland Harvest,Agriculture,PEATHARV,Agriculture_AAFC_ACI_2024_Peatland_Harvest_ha_1km.tif,themes/agriculture,T_NAT_AG_,T_NAT_AG_Agriculture_AAFC_ACI_2024_Peatland_Harvest_ha_1km.tif,FLT4S,continuous,viridis,,,ha,national,FALSE,FALSE,TRUE,TRUE,TRUE
,theme,habitat,Rivers,Rivers,RIVERS,Rivers_NHN_Watercourses_LinearFlow_2022_km_1km_Erased_Waterbodies.tif,themes/habitat,T_NAT_HABITATL_,T_NAT_HABITATL_Rivers_NHN_Watercourses_LinearFlow_2022_km_1km_Erased_Waterbodies.tif,FLT4S,continuous,viridis,,,km,national,FALSE,FALSE,TRUE,TRUE,TRUE
,theme,habitat,Shoreline,Shoreline,SHORELINE,Shore_Marine_CanCoast_v3_2019_km_1km_rounded.tif,themes/habitat,T_NAT_HABITATL_,T_NAT_HABITATL_Shore_Marine_CanCoast_v3_2019_km_1km_rounded.tif,FLT4S,continuous,viridis,,,km,national,FALSE,FALSE,TRUE,TRUE,TRUE
,weight,carbon,Carbon Potential,,CARBON_P,Carbon_Potential_NFI_2011_CO2e_t_year_1km.tif,weights/carbon,W_NAT_,W_NAT_Carbon_Potential_NFI_2011_CO2e_t_year_1km.tif,FLT4S,continuous,YlOrBr,,,tonnes/yr,national,FALSE,FALSE,TRUE,TRUE,TRUE
,weight,carbon,Carbon Storage,,CARBON_S,Carbon_Mitchell_2021_t_1km.tif,weights/carbon,W_NAT_,W_NAT_Carbon_Mitchell_2021_t_1km.tif,FLT4S,continuous,YlOrBr,,,tonnes,national,FALSE,FALSE,TRUE,TRUE,TRUE
,weight,climate,Climate Centrality,,CLIMATE_C,Climate_FwdShortestPath_2080_RCP85_Carroll_2018_1km.tif,weights/climate,W_NAT_,W_NAT_Climate_FwdShortestPath_2080_RCP85_Carroll_2018_1km.tif,FLT4S,continuous,magma,,,index,national,FALSE,FALSE,TRUE,TRUE,TRUE
,weight,climate,Extreme Heat Events,,CLIMATE_E,Climate_ExtremeHeatEvents_LaSorte_2021_1km.tif,weights/climate,W_NAT_,W_NAT_Climate_ExtremeHeatEvents_LaSorte_2021_1km.tif,FLT4S,continuous,magma,,,index,national,FALSE,FALSE,TRUE,TRUE,TRUE
,weight,climate,Climate Refugia,,CLIMATE_R,Climate_Refugia_2080_RCP85_Stralberg_2018_1km.tif,weights/climate,W_NAT_,W_NAT_Climate_Refugia_2080_RCP85_Stralberg_2018_1km.tif,FLT4S,continuous,magma,,,index,national,FALSE,FALSE,TRUE,TRUE,TRUE
,weight,connectivity,Connectivity,,CONNECT,Connectivity_Pither_Current_Density.tif,weights/connectivity,W_NAT_,W_NAT_Connectivity_Pither_Current_Density.tif,FLT4S,continuous,mako,,,current density,national,FALSE,FALSE,TRUE,TRUE,TRUE
,weight,eservice,Freshwater Provision,,FRESHW,water_provision_2a_norm.tif,weights/eservices,W_NAT_,W_NAT_water_provision_2a_norm.tif,FLT4S,continuous,Blues,,,index,national,FALSE,FALSE,TRUE,TRUE,TRUE
,weight,eservice,Recreation,,REC,rec_pro_1a_norm.tif,weights/eservices,W_NAT_,W_NAT_rec_pro_1a_norm.tif,FLT4S,continuous,Greens,,,index,national,FALSE,FALSE,TRUE,TRUE,TRUE
,weight,eservice,Flood Prevention,,FLOOD,Flood_Prevention_Duarte_2024_DemandAreaDownstream.tif,weights/eservices,W_NAT_,W_NAT_Flood_Prevention_Duarte_2024_DemandAreaDownstream.tif,FLT4S,continuous,YlGnBu,,,ha,national,FALSE,FALSE,TRUE,TRUE,TRUE
,weight,pressures,Human Foorpint Index,,HFI,CDN_HF_Modified_cum_threat_20240808_1km.tif,weights/pressures,W_NAT_,W_NAT_CDN_HF_Modified_cum_threat_20240808_1km.tif,FLT4S,continuous,rocket,,,index,national,FALSE,FALSE,TRUE,TRUE,TRUE
,weight,pressures,Burn Rate,,BURN_R,Fire_Erni_2019_FRT_BurnRate_PercentPerYear_1km.tif,weights/pressures,W_NAT_,W_NAT_Fire_Erni_2019_FRT_BurnRate_PercentPerYear_1km.tif,FLT4S,continuous,rocket,,,% per year,national,FALSE,FALSE,TRUE,TRUE,TRUE
,weight,pressures,Cropland,,CROPLAND,Agriculture_AAFC_ACI_2024_Cropland_ha_1km.tif,weights/pressures,T_NAT_AG_,W_NAT_Agriculture_AAFC_ACI_2024_Cropland_ha_1km.tif,FLT4S,continuous,viridis,,,ha,national,FALSE,FALSE,TRUE,TRUE,TRUE
,weight,pressures,Pasture,,PASTURE,Agriculture_AAFC_ACI_2024_Pasture_ha_1km.tif,weights/pressures,T_NAT_AG_,W_NAT_Agriculture_AAFC_ACI_2024_Pasture_ha_1km.tif,FLT4S,continuous,viridis,,,ha,national,FALSE,FALSE,TRUE,TRUE,TRUE
,weight,pressures,Peatland Harvest,,PEATHARV,Agriculture_AAFC_ACI_2024_Peatland_Harvest_ha_1km.tif,weights/pressures,T_NAT_AG_,W_NAT_Agriculture_AAFC_ACI_2024_Peatland_Harvest_ha_1km.tif,FLT4S,continuous,viridis,,,ha,national,FALSE,FALSE,TRUE,TRUE,TRUE
,weight,hotspots,Key Biodiversity Areas,,KBA,KBA_Canada_202603_1km.tif,weights/hotspots,W_NAT_,W_NAT_KBA_Canada_202603_1km.tif,INT1U,manual,"#00000000, #1c9099","Non KBA, KBA","0, 1",km2,national,FALSE,FALSE,TRUE,TRUE,TRUE
,weight,habitat,Peatland,,PEATLAND,Peatland_Pontone_PeatlandMap_2023_NRCan_ClassPeatMap_2020_ha_1km.tif,weights/habitat,W_NAT_,W_NAT_Peatland_Pontone_PeatlandMap_2023_NRCan_ClassPeatMap_2020_ha_1km.tif,FLT4S,continuous,viridis,,,ha,national,FALSE,FALSE,TRUE,TRUE,TRUE
